"d_map";"heslo"
"1000";"ML 244"
"1000";"ML 189"
"1000";"ML 217"
"1000";"ML 218"
"1000";"ML 245"
"1000";"ML 246"
"1000";"ML 271"
"1000";"ML 272"
"1000";"ML 298"
"1000";"ML 299"
"1000";"ML 324"
"1000";"ML 350"
"1000";"ML 375"
"1000";"ML 185"
"1000";"ML 186"
"1000";"ML 187"
"1000";"ML 188"
"1000";"ML 213"
"1000";"ML 214"
"1000";"ML 241"
"1000";"ML 242"
"1000";"ML 215"
"1000";"ML 216"
"1000";"ML 243"
"1000";"ML 244"
"1000";"ML 267"
"1000";"ML 268"
"1000";"ML 294"
"1000";"ML 295"
"1000";"ML 269"
"1000";"ML 270"
"1000";"ML 296"
"1000";"ML 297"
"1000";"ML 321"
"1000";"ML 347"
"1000";"ML 322"
"1000";"ML 323"
"1000";"ML 348"
"1000";"ML 349"
"1000";"ML 372"
"1000";"ML 373"
"1000";"ML 374"
"1000";"ML 398"
"1000";"ML 399"
"1000";"ML 212"
"1000";"ML 240"
"1000";"ML 266"
